,Diseases,Doctor,Doctor_Reviews,Hospital,Hospital_Review,Doctor_sentiment,Hospital_sentiment
0,heart,dr.pruthvi,"Humble,patience,no unnecessary tests",NNRI,Good faculty and loved the people around. One of the best hospital with all Facilities.,negative,positive
1,heart,dr.pooja,"Knowledgeble,helpful,best consultation",NNRI,Nice place and Staffs,neutral,positive
2,heart,dr.revanth,"Friendliness,Wait time Explanation of Health issue",NNRI,"Health Issue,Treatment Satisfaction,Value for money,Value for wait time",neutral,neutral
3,heart,dr.rakesh,"Friendliness,Wait time ,Explanation of Health issue, treatment satisfaction",NNRI,"I was operated on my right hand (bone grafting and plating surgery) on 7th of Jan 2020.. I had a wonderful experience, the staff is very prompt and helpful. ",neutral,positive
4,heart,dr.preksha,"Value for money, Doctor friendliness ,treatment satisfaction",NNRI,"Excellent staff,especially nurses, house keeping facilities. Nurses, namely, Miss Liji, Miss Divya Chawan and Miss Juna were very kind",neutral,positive
5,heart,dr.pruthvi,"Friendliness,Wait time ,Value for money",NNRI,"Very very good, knowledgeable, carring nurshing staff",neutral,positive
6,heart,dr.pooja,Explanation of Health Issue,NNRI,It is a very good hospital.,neutral,positive
7,heart,dr.revanth,"Value for money, Doctor friendliness, treatment satisfaction",NNRI,The facilities are very good and staff,neutral,positive
8,heart,dr.pruthvi,"Friendlines, Explanation of Health Issue, treatment satisfaction ,value for money",NNRI,And sisters of fortis were very humble and polite thanks to Jessin sister and divya rani,neutral,negative
9,heart,dr.rakesh,Explanation of Health Issue,NNRI,Good hospital and house keeping service is very good and neat good facility,neutral,positive
10,heart,dr.pruthvi,"Doctor Friendliness,Explanation of Health Issue",NNRI,Please clean the washrooms. The smell is very very bad. Service seems to be ok.,neutral,negative
11,heart,dr.pruthvi,Convinient and Helpful,NNRI,friendly atmosphere good service. ,neutral,positive
12,diabetes,dr.sahana,Quick reduction of symptoms,NNRI,Everyone is so friendly and reassuring!,positive,positive
13,heart,dr.preksha,poor friendliness explanation of health issue treatment satisfaction,NNRI,Very calming atmosphere and the hospital itself is so clean and shiny!,negative,positive
14,diabetes,dr.deva,very bad treatment,NNRI,bad response for appointment too! ,negative,negative
15,diabetes,dr.ganvik,I had my appointment fixed next day but doctor did not arrive next day  ,NNRI,The staff very attentive and caring to provide the best service. ,positive,positive
16,heart,dr.pooja,"Good knowledgeable nursing staff, doctors are so simple and interacts with patients in a such way not seen other hospitals.",NNRI,It has been the best hospital I have been to in my life.,positive,positive
17,heart,dr.revanth,Doctors are so simple and interacts with patients in a such way not seen other hospitals.,NNRI,Doctors and nurses taken excellent care,negative,positive
18,heart,dr.pruthvi,madam’s continuous counselling/guidance helped us during this crucial time & boosted us morally.,NNRI,I will refer cases due to excellent service. ,neutral,positive
19,heart,dr.rakesh,Consulted Dr.Pruthvi for fever and i was impressed the way she treats her patients.,NNRI,Excellent nurse's away so cool operative. Food facilities are good. Feel friendly. Awesome,positive,positive
20,heart,dr.sahana,Very compassionate and friendly with patients.Recommend all to use the service of her when in need.,NNRI,Doctors and nurses.and Staffs are always taking care all patients nicely.,positive,positive
21,heart,dr.deva,Dr. Pruthvi who is very friendly and make patients feel very comfortable,NNRI,Qualified and experienced professionals dedicated towards patient’s care and rehabilitation,positive,positive
22,heart,dr.deva,She treated my daughter as her own sister and I liked the way she treated very much and she gives clarifications for any queries.,NNRI,"Starting from admission to discharge excellent service, care, treatment.",positive,positive
23,heart,dr.ganvik,Great care from all. ,NNRI,Excellent and best in class for all your aches and pains in the heart of namma Bengaluru,positive,positive
24,diabetes,dr.preksha,Dr. Sreedhar very much goodn,NNRI,Hospital is really good and doctors are very very trustworthy .,positive,positive
25,heart,dr.pooja,Good facilities and thanks mr.venkatesh facility Head daily round's morning and evening he meet ad supporting .,NNRI,All the facilities were good ...but we had to wait for a long time ...,positive,positive
26,heart,dr.sahana,My mom's treatment got successful and we are very happy for this..thank you so much to the doctors ,NNRI,But still we have received good service,positive,positive
27,heart,dr.deva,Good treatments and the doctors respond and explain really well. ,NNRI,"Very good treatment given. Doctors, nurses, administration all were very kind.",positive,positive
28,heart,dr.preksha,We are so happy for your support. Thank you so much ,NNRI,"Wonderful service,nursing Care is very good",positive,positive
29,heart,dr.pooja,exceptionally well organised team,NNRI,The hospitality is very good from doctors to all persons attached to the hospitality,positive,positive
30,heart,dr.rakesh,Very nice and calm. Listens to all problem with lot of patience and gives all suggestions.,NNRI,Good hospitality and very economical.,positive,positive
31,heart,dr.pooja,Best doctors n good facilities,NNRI,Thank you Sir. Trinity Hospital brings world class heart care to everyone's reach so that the community at large is benefitted.,positive,positive
32,heart,dr.pooja,Got the required information regarding pacemaker process required for my father in time. ,NNRI,Front desk staff is very cooperative and the doctors,neutral,positive
33,heart,dr.pruthvi,One of the best Heart hospital. Dr pruthvi is a gem of a Doctor.,NNRI,"Good facility, care about pasents and knowledge.",positive,positive
34,heart,dr.revanth,good doctors,NNRI,Staff were very helpful and great hounour and took so. Much of care when in ICU ,positive,positive
35,heart,dr.preksha,"Appreciated treatment and service, communication with patient and attendant was friendly and clear.",NNRI,We had a good experience at this hospital. ,positive,positive
36,heart,dr.sreedhar,"Golam Subhani Bhiya, we are very happy with the treatment and very happy with the services.",NNRI,The Staff and Doctors are very courteous and took good care,positive,positive
37,heart,dr.sreedhar,Good doctors ... And good treatments..good employees especially receiptionist employees,NNRI,Thank everyone at this hospital.,positive,neutral
38,heart,dr.ganvik,"Excellent Doctors and Nurses, satisfied with their service. Friendly staff, feel at home.",NNRI,Highly Proficient cardiologists are seen in this place,positive,positive
39,heart,dr.ganvik,The treatment was good and the staff was patient oriented,NNRI,"Good response from the staff ,overall a thumbs up",positive,positive
40,heart,dr.ganvik,Good services doctors and nurses,NNRI,Best hospital & heart foyndation,positive,positive
41,heart,dr.deva,They are not good in care about heart ,NNRI,Service was very nice.,negative,positive
42,heart,dr.pooja,Ms.sahana was kind enough to explain the things & clear our doubts..,NNRI,Good patient friendly hospital. Good treatment by all the staff. Rooms are average,positive,positive
43,heart,dr.preksha,am under Dr sreedhar care from 6 years. He is the best heart specialist I have had in 34;,NNRI,Doctors were excellent.Nursing staff were always smiling which boosts the morale of patients,positive,neutral
44,heart,dr.pooja,We are really thankful to Dr Revanth sir who did operated to my father in law. ,NNRI,.House keeping staff tried their level best to keep up hygiene inspite of a little water scarcity,positive,positive
45,heart,dr.ganvik,I would definitely recommend THE HEART CENTER . You will never leave without a smile. ,NNRI,Nice Hospital with good Doctors and great consultation as well,positive,positive
46,heart,dr.rakesh,Fantastic consultants and a wonderful team of caregivers dealing with all adult and childrens heart problems,NNRI,Very nice and helpful to me since I'm coming 5 year,positive,positive
47,diabetes,dr.rakesh,Doctors not explaining the checkup results properly. ,NNRI,Overall treatment was good,neutral,positive
48,breast ,dr.rakesh,They spent hardly 3-4 mins and try to move on for other patient.,NNRI,"Great doctors, satisfactory infrastructure and most importantly, cooperative staff.",negative,positive
49,diabetes,dr.revanth,It could have been better if doctor explain the patient with health checkup results without rushing.,NNRI,Everything is good .well treatment. Good caretaking and availability of nursing and doctors.,positive,positive
50,heart,dr.revanth,The nurses and doctors are so good . . ,NNRI,Good treatment and good facilities....very good in taking care of patients......,positive,positive
51,heart,dr.pooja,"The cleanliness, the staff, the doctors, the food, the service",NNRI,Excellenc service,neutral,neutral
52,heart,dr.revanth,"I'm so blessed for having known this hospital and grateful to all the doctors, nurses and staff who contributed in the care of my father ",NNRI,Good hospital and good treatment,neutral,positive
53,heart,dr.deva,"A Big thanks to Dr. preksha, He has done very complected angioplasty for my mother. Very approachable, humble person.",NNRI,"Satisfied service, caring and helpful staff.",positive,positive
54,heart,dr.pooja,"It's a great pleasure to be here, the team including Doctor are very humble and provide effective, economic and good treatment",NNRI,Good hospitality services. With more concerned staff.,positive,positive
55,heart,dr.ganvik,very good service their doctors are my gods,NNRI,A good place.. Were directed for angiogram test here for a close relative.. Got good treatment.,positive,positive
56,heart,dr.preksha,good doctors and supporting staff ,NNRI,Good hospital,positive,positive
57,heart,dr.revanth,"Very good care,nurshing and treatment at affordable price",NNRI,"staff was good, polite,friendly, interactive and informative.",positive,positive
58,heart,dr.pooja,Doctors and management r not good,NNRI,Very bad hospital.  No hard working staff.,negative,negative
59,heart,dr.preksha,Inpatient service by doctors and nurse is treated well.,NNRI,"This hospital is budget friendly but if you are claiming any govt schemes, insurance they will not treat",neutral,positive
60,heart,dr.revanth,We are very appreciated for the immediate attention for the patient needs ,NNRI,Unless it is emergency they don't treat you immediately. For operations and therapys they will give date on that day patient should admit.,positive,neutral
61,heart,dr.pooja,I came to hospital for consultation with Dr Pooja she is very good doctor and very helpfull staff good treatment..,NNRI,.Staff don't give information properly there is no proper coordination between various departments/ devisions so they will make you roam from one floor to another floor ,positive,neutral
62,heart,dr.ganvik,Very good quality sarvice Dr ganvik best general medicine doctor,NNRI,"Even patient ready to pay they don't get private, semideluxe and deluxe ward....even getting general ward is difficult here.",positive,positive
63,heart,dr.yamuna,well experienced Doctors,NNRI,"Treatment is good, hospital maintenance is good",positive,positive
64,heart,dr.yamuna,Nice treatment and helpful staffs.,NNRI,Budget friendly ,positive,positive
65,heart,dr.ganvik,Dr. ganvik gynecologist and Dr. Vasumati K K are the stars with their team.,NNRI,Neatness not bad,neutral,positive
66,heart,dr.preksha,Over all good service thanks to kamadhenu hospital all staffs special thanks to Dr preksha best hospital in bangalore.,NNRI,Karnataka No 1 Govt Hospital Managing Best Service and Health Care.,positive,positive
67,heart,dr.pooja,Thanks to Dr  pooja and kamadhenu hospital all staffs I recommend to my family and friends.....,NNRI,"Excellent hub for superb quality treatments, little expensive but it is worthy, spread in quite large area.",positive,positive
68,heart,dr.rakesh,Treatment good dr srinivas is very good all staff are very helpful they take care with kind full and charges are reasonable,NNRI,"Good care, waiting time and appointments can be managed better",positive,positive
69,heart,dr.sahana,I am very happy my brother in law admitted good care all staff very cooperated I am very thankful to dr sahana,NNRI,Very good hospital And very helpful,positive,positive
70,heart,dr.sahana,Overall its good Dr rakesh is good hand thanks for all staff,NNRI,I like this hospital and I will suggest to all my friends and family,positive,neutral
71,heart,dr.manojith,i felt very happy about the dr revanth shivakumar and all the staff thank you,NNRI,Very good Hospital for Heart operation,positive,positive
72,breast,dr.manojith,"Dr.Manojith is very good doctor, every one are guided with soft nature & treated me with well professional.i will suggest this hospital for treatment.",NNRI,India's best hospital for Heart disease in Bengaluru. Most of the peoples happy about this hospital.,positive,positive
73,breast,dr.yamuna,Good response & well tretment and thanks to Dr Yamuna and all the staffs,NNRI,Very good service nice hospital very clean,positive,positive
74,heart,dr.manojith,"Gud treatment,fast recovery of patient , immediate assistance was given,all of the staff were pro active",NNRI,Good disciplines hospital for cardiovascular health care,negative,positive
75,heart,dr.manojith,Good treatment all staff very friendly,NNRI,I am very happy good Hospital staff very friendly,positive,positive
76,heart,dr.preksha,Doctors are very friendly . Cost effective hospital .Staff in the hospital are also supportive .,NNRI,One of the best hospital for cardiology. Accept BPL card also & very affordable for middle class people,positive,positive
77,heart,dr.pooja,Nice doctor  good treatment,NNRI,It is very well maintained and equipped hospital,positive,positive
78,heart,dr.yamuna,Dr.yamuna is so frndly and treatment care and facility wise it's really good.,NNRI,Good doctors and staff...,positive,positive
79,heart,dr.manojith,"my mother got recovered quickly, overall good experience",NNRI,Good service hospital,positive,positive
80,heart,dr.rakesh,good doctor thank you,NNRI,Most efficient services in .hospital. Amazing,positive,positive
81,heart,dr.pooja,i felt very happy about the dr and all the staff thank you,NNRI,Very good hospital .. affordable and good treatment for cardic problems. ,positive,positive
82,heart,dr.ganvik,I will refer this hospital for my friends because in emergency case doctor and supporting staff is help lot with adminating and co ordinating with Clinet.,NNRI,Very good Hospitals.. With good facilities and specialised doctors...,positive,positive
83,heart,dr.rehan,"Dr Rehan is a businessman rather than a doctor, ",NNRI,We were very happy with the service provided and the available medical facility.,neutral,positive
84,heart,dr.ganvik,Worst experience ever have. ,NNRI,"we are also appreciate the cleanliness of the hospital, I would like to suggest, if possible provide canteen facility.",negative,neutral
85,diabetes,dr.nalini,Nalini is even bad then the doctor,NNRI,I recommend my family and friends thank you good luck keep moving with more success.,negative,positive
86,heart,dr.rehan,"underwent cardio-thoracic surgery, in this hospital staff doctors and other supportive staffs are very good n specialy I thanks to Dr Rehan,",NNRI,Good experience. All staff are very friendly and good... Would definitely recommend.,positive,positive
87,heart,dr.rehan,One of the best team. Can always relay on Dr. Rehan. Humble n down to Earth.. never need second opinion.... EOD you will walk out with a smile...,NNRI, Cleanliness is well maintained,positive,neutral
88,heart,dr.rehan,"Dr. Rehan, but they did not treat her for bedsores neither took precaution like providing a air bed to avoid bedsores..",NNRI,The hospital staff is very friendly. ,neutral,positive
89,heart,dr.ganvik,"Dr.Rehan is one of the best surgeons in the world, who is so humble, kind and treats his patients at ease.",NNRI,Good hospital with all facilities and well taking care,positive,positive
90,diabetes,dr.nalini,"Best doctor in Bangalore, I Recommend to everyone 1 to consult him for any bypass surgery...",NNRI,Good hospital helpful staff I recommend to my family and friends thanks to all staff,positive,positive
91,heart,dr.rehan,Thank You Dr Rehan and Team,NNRI,Hospital infrastracture is good and service us well. The over all experience is good.,neutral,positive
92,heart,dr.rehan,Fantastic consultants and a wonderful team of caregivers dealing with all adult and childrens heart problems,NNRI,Hospital service is good.,positive,positive
93,heart,dr.rehan,"I am Ramanna from madhugiri I underwent cardio-thoracic surgery, in this hospital staff doctors and other supportive staffs are very good n specialy I thanks to Dr Rehan, he is like a god,",NNRI,"My experience at The Heart Centre, Hospital was superior and well above medical treatment standards. ",positive,positive
94,heart,dr.preksha,very good doctor.nice response,NNRI,I would definitely recommend THE HEART CENTER . You will never leave without a smile. ,positive,positive
95,heart,dr.nalini,very bad treatment,NNRI,"Average service, expensive.",negative,negative
96,heart,dr.nalini,doctors are Good,NNRI,Best for casualty and emergency,positive,positive
97,heart,dr.nalini,well experienced Doctors,NNRI,For banded dressing they took Rs 550,positive,neutral
98,heart,dr.manojith,Great care from all. ,NNRI,too expencive,positive,neutral
99,breast,dr.manojith,very bad experence,NNRI,"You can see the reality only when you compare it with others, otherwise they are the best one for you.",negative,positive
100,breast,dr.manojith,money minded,NNRI,I would not even give one star to this hospital..,neutral,neutral
101,heart,dr.nalini,good team,NNRI,they just fool everyone to get money and don't tell the exact position of the patient.,positive,positive
102,heart,dr.preksha,very well treated,NNRI,"This hospital service is very poor but final bill amount is very good because people becareful ,",positive,positive
103,heart,dr.nalini,Worst experience ever have. ,NNRI,Very bad service. ,negative,negative
104,breast,dr.manojith,worst doctors ,NNRI,Worst hospital.. they look only fr money…,negative,negative
105,heart,dr.anand,The doctor is very good at his work and the staff is really good.,NNRI,For me this clinic is perfect place for a diabetic patient to get into!!,positive,positive
106,heart,dr.anand,"Personal information to all, please strictly follow the doctor's suggestion.",NNRI,Best clinic.,neutral,positive
107,heart,dr.sham,"Good doctor, consulting is very professional. ",NNRI,Have supported 24/7 for queries. Best place for diabetic consultation.,positive,positive
108,heart,dr.ram,This is happy to see that my hba1c came to 6 from 9% within 3months with regular follow-up .... Thanks for giving best treatment by the doctor and staffs,NNRI,the way they force you to purchase their packages is very bad. They feel very bad and you will be treated differently if you ask for only required lab testes instead of package,positive,negative
109,heart,dr.ravan,Good treatment given by the doctor.. my mother's hba1c which was at 9.4 has come to 7.6 with 3 months treatment. Highly recommended,NNRI,Best hospital ,positive,positive
110,heart,dr.balaji,"Good doctor, Balaji and good support staff. Was able to reduce the hba1c count from 13 to 7 in 3 month . Thanks to the team working here.",NNRI,Staff are very friendly and supportive,positive,positive
111,heart,dr.ram,Wonderful doctor and team it’s is good caring team. And they have some packages also which helps us too follow good lifestyles and continues monitoring of our blood sugar,NNRI,The hospital staff and doctor are very good,positive,positive
112,heart,dr.sham,"The Doctor is Good,",NNRI,Its very good clinic...follow up is impresive !!,positive,positive
113,heart,dr.ravan,I had very good experience with apollo sugar clinic first time when i visited my diabetes was in very bad condition now i am very happy ,NNRI,Before coming to this clinic I had high sugar. After the treatment for one month the sugar level has come normal.,positive,positive
114,Heart,dr.balaji,thanks to dr BAlaji sir,NNRI,best hospital in banglore,positive,positive
115,heart,dr.seetha,I highly recommend this place for treatment of diabetes..,NNRI,I am very much satisfied with the service and treatment,positive,positive
116,diabetes,dr.balaji,doctor Balaji is very good..also the staff and dietician is very supportive and cooperative,NNRI,"Super support from staff, Nurse and Doctor.",positive,positive
117,diabetes,dr.balaji,My sugar levels came under control drastically with in a month. Dr will spend much time in explaining the patient about our conditions,NNRI,Using latest technology and great commitment treating patients.,positive,positive
118,diabetes,dr.balaji,Excellent service. My suger level is in control now. Good doctor to consult for sugar in Padmanabha nagar with doctor Balaji,NNRI,Good clinic.. Courteous and friendly staff and good dietician.,positive,positive
119,breast,dr.geetha,I've had excellent results after coming here,NNRI,After visiting This clinic Now it's Normal level,positive,positive
120,diabetes,dr.jaganmohan,Thanks to the treatment suggested to me by Dr. Jaganmohan ,NNRI,I am happy with the service so far. Hope to have my sugar under controlled comfortably.,positive,positive
121,diabetes,dr.ram,My sugar levels are well under control and my family is able to breathe easy because of my health. Thanks once again!,NNRI,Great place to check and control for Sugar & BP patients.,positive,positive
122,diabetes,dr.sham,Its a perfect place for a diabetic patient to get into!!! ,NNRI,This is the best clinic for diabetic patients .....,positive,positive
123,diabetes,dr.ravan,Excellent consultation of the doctor. Very good Counselling on diabetic care and dietary,NNRI,Good treatment for Diabetes and friendly staff,positive,positive
124,diabetes,dr.ravan,Heath advice given at the clinic is excellent and has helped me to attain a very good control over my sugar levels,NNRI,Great place for diabetes pateint.,positive,positive
125,diabetes,dr.ram,"octor is professional. My mother is taking treatment, her diabetic is under control now.",NNRI,Excellant diagnosis and courteous staff,positive,positive
126,heart,dr.seetha,Very much satisfied with the doctor treatment and services,NNRI,"This is a good sugar clinic ,overally everything of this clinic ie. Treatment, behaviour of the clinical staff along with Doctor's perfect experience is highly appreciated.",positive,positive
127,breast,dr.geetha,Good doctors. Friendly staff. Good follow up. Very happy with the treatment.,NNRI,Excellent treatment for the diabetic patients.,positive,positive
128,breast,dr.geetha,Good treatment good result we are satisfied and recommend to other friends,NNRI,Treatment Satisfaction,positive,neutral
129,breast,dr.geetha,Communication between the staff and the patient is very good. They have a regular contact with the patients,NNRI,The facilities are very good and staff,positive,positive
130,diabetes,dr.anand,"very good doctor,my mothers diabetes is under control for the past 9months.good staff are very cooperative and will guide u untill ur finished.",NNRI,Good service hospital,positive,positive
131,diabetes,dr.anand,Complet diabetic care centre ... The doctor and the staff is caring n supportive in reducing the H1B sugar level,NNRI,Worst hospital.. they look only fr money…,positive,negative
132,diabetes,dr.anand,My sugar levels have came down drastically i am very much happy with the Dr treatment and clinic staff and I definitely recommend this to diabetes ,NNRI,Best hospital ,positive,positive
133,diabetes,dr.sham,I am happy with the clinic for the hospitality and excellent service provided by the staff. The Doctor is very polite and understand the problem of the patient and give the best treatment.,NNRI,very nice staff and the hospital is very clean,positive,positive
134,diabetes,dr.ram,"100 percent recommended, the best doc in city.",NNRI,I recommend my family and friends thank you good luck keep moving with more success.,positive,positive
135,diabetes,dr.balaji,good team,NNRI,Cleaning facts,positive,neutral
136,diabetes,dr.balaji,Dr Balaji Jaganmohan is excellent doctor,NNRI,Good service..pleasant...,positive,positive
137,diabetes,dr.balaji,Dr. and staff here are kind and helpful in nature,NNRI,cool and comfortable hospital.,positive,positive
138,diabetes,dr.balaji,"Thanks to Dr balaji and his team and Apollo sugar clinic , I am Very much satisfied with Dr treatment and staff support",NNRI,Good hospital,positive,positive
139,diabetes,dr.anand,Very good care. Sensible treatment. With in 1 month my sugar was brought under control. Thanks ,NNRI,Good service hospital,positive,positive
140,diabetes,dr.sham,I am happy with the clinic for the hospitality and excellent service provided by the staff. The Doctor is very polite and understand the problem of the patient and give the best treatment.,NNRI,Most efficient services in .hospital. Amazing,positive,positive
141,diabetes,dr.balaji,Good place for diabetes and Dr Balaji will give Best treatment .....,NNRI,The facilty is hygienic & well maintained.,positive,neutral
142,diabetes,dr.sham,The Doctor is excellent. He checks all the details and suggest for the medicine. He don't overdo by giving lots of medicine.,NNRI,Good clinic.. Courteous and friendly staff and good dietician.,positive,positive
143,diabetes,dr.balaji,"All facilities with eminant Dr. balaji's guidance and good staff support, my parents are in good health. Thanks",NNRI,This is the right place for diabetes,positive,positive
144,diabetes,dr.balaji,.Dr.Bala ji given good treatment and Dr.priyanka is given the good diet.,NNRI, Cleanliness is well maintained,positive,neutral
145,diabetes,dr.ram,Verry good experience with the doctor and same goes with staff ,NNRI,No value for time & no respect or kindness for patients,positive,neutral
146,diabetes,dr.balaji,I would strongly recommend Dr. Balaji sir to all the diabetic patients,NNRI,Best hospital for many purpose,positive,positive
147,diabetes,dr.balaji,Very much satisfied with dr tretment dr balaji is very and same goes with the staff,NNRI,Best for casualty and emergency,positive,positive
148,heart,dr.pruthvi,"Humble,patience,no unnecessary tests",NNRI,Good faculty and loved the people around. One of the best hospital with all Facilities.,negative,positive
149,heart,dr.pooja,"Knowledgeble,helpful,best consultation",NNRI,Nice place and Staffs,neutral,positive
150,heart,dr.revanth,"Friendliness,Wait time Explanation of Health issue",NNRI,"Health Issue,Treatment Satisfaction,Value for money,Value for wait time",neutral,neutral
151,heart,dr.rakesh,"Friendliness,Wait time ,Explanation of Health issue, treatment satisfaction",NNRI,"I was operated on my right hand (bone grafting and plating surgery) on 7th of Jan 2020.. I had a wonderful experience, the staff is very prompt and helpful.",neutral,positive
152,breast,dr.preksha,"Value for money, Doctor friendliness ,treatment satisfaction",NNRI,"Excellent staff,especially nurses, house keeping facilities. Nurses, namely, Miss Liji, Miss Divya Chawan and Miss Juna were very kind",neutral,positive
153,heart,dr.pruthvi,Explanation of Health Issue,NNRI,Good hospital and house keeping service is very good and neat good facility,neutral,positive
154,breast,dr.gayathri,His diagnosis is average not convincing...also he never values the time of patients..,VAIBHAV,I would NEVER recommend this hospital to anyone unless you have loads of money that you do not know what to do with.,negative,neutral
155,breast,dr.gayathri,Hopeless timings!! Absolutely no care for patients.. If the doctor is busy he needs to properly guide the receptionist to give appointments accordingly. ,VAIBHAV,"Big No from my end.. No time sense, Doctor say he comes at 9pm and attend at 1AM. No hygiene at all with the sisters",neutral,neutral
156,breast,dr.gayathri,"Doctor needs to be aware that even for others, time is precious.. Treatment wise it's the same. ",VAIBHAV,They just want to make money as they are constructing new hospital. If u get admitted and then it's gone.,positive,positive
157,heart,dr.deepu,Doctor is good.but the appointment timings maintaining is too worst.they will give appointment at 5pm and they will tell to wait for 3 hours ,VAIBHAV,Worst hospital.No value for time and process is very poor. Needs more attention towards the patient as they make them wait for 2-3 hours.,neutral,negative
158,heart,dr.deepu,"Friendliness,Wait time Explanation of Health issue",VAIBHAV,"Not so great..Extremely money minded and also, we will not get receipts if we do not ask for it specifically.",neutral,neutral
159,heart,dr.deepu,Dr. and staff here are kind and helpful in nature,VAIBHAV,No value for time & no respect or kindness for patients,positive,neutral
160,breast,dr.priya,Explanation of Health Issue,VAIBHAV,"Worst, no value for time and minimum have to wait 4 to 5 hours but Mohan is good doctor.",neutral,negative
161,heart,dr.nidhi,Quick reduction of symptoms,VAIBHAV,Its too much waitng exactly tym doctr wll nt get simply given appointment for waitng ..patients tired bcz too much waitng so ..plz respect the patients alwys .,positive,positive
162,heart,dr.nidhi,Good treatment,VAIBHAV,"Very bad experience , fed up if it by waiting even after taking appointment",positive,negative
163,heart,dr.nidhi,Service is good and staff is friendly,VAIBHAV,Too much waiting. For getting cure we are visiting here. But by making us to wait for doctor will results with some special diseaases,positive,positive
164,heart,dr.nidhi,good team,VAIBHAV,No value for time and meaningless advance appointment system.,positive,negative
165,diabetes,dr.sidhu,"Good doctor for diabetes, but there is no value for the time here.please don't wait the patients, it's my humble request.",VAIBHAV,No value for time and meaningless advance appointment system.,positive,negative
166,diabetes,dr.sidhu,"One of the best doctor, never get irritated with patients question, so good in nature, proactive, overall good experience.",VAIBHAV,"Very well maintained,",positive,positive
167,diabetes,dr.sidhu,One of the best place to be treated right. The -2 star is for the arrogance around the place,VAIBHAV,clean and hygienic place,positive,positive
168,breast,dr.gayathri,Not good didn't get proper treatment to my dad.... money minded simply prolonging the treatment without proper diagnosis,VAIBHAV,"Very amicable staff, including the administrator, doctor and the care givers",negative,positive
169,diabetes,dr.gayathri,they explain the importance of the applicable treatment plan . Their treatments are very effective and gives amazing results. ,VAIBHAV,"They are truly concerned cohesive team, with customized and personal approach. ",positive,neutral
170,diabetes,dr.sidhu,"very professional, a good listener and provided me with excellent service for my issue.",VAIBHAV,"With great patience,",positive,positive
171,diabetes,dr.naveen,Great experience. Excellent staff,VAIBHAV,I have been bringing my father for the last 1 year and I only have pleasant experiences to share. It is a very good clinic.,positive,positive
172,diabetes,dr.naveen,A high end hospital with good infrastructure and well experienced doctor and knowledgeable personnel.,VAIBHAV,It has very good nursing staff with experienced doctors & good Pharmacy.,positive,positive
173,diabetes,dr.naveen,Doc gives ample time to each patient.. Careful diagnosis.. Explains the cause and treatment procedure.. Medicine available at inhouse pharmacy.,VAIBHAV,The facilty is hygienic & well maintained.,positive,neutral
174,diabetes,dr.naveen,"Dr.interaction with patient. Satisfied,gives only feelings,entire team take good care.",VAIBHAV,"Good hospital, we are visiting since last 8 years",positive,positive
175,diabetes,dr.sidhu,dr. is a very good doctor. He has knowledge of allopathic and ayurveda. Clinic is excellent. I personally recommended to visit him.,VAIBHAV,Staff and latest Equipment for all your needs.,positive,positive
176,diabetes,dr.sidhu,"Dr is a senior and an experienced Physician, qualified in both Ayurveda and Allopathy. His diagnosis is perfect and the clinic provides best services.",VAIBHAV,Excellent,positive,positive
177,diabetes,dr.prakash,It is nice and staff are good and doctors will treat good nurse are good,VAIBHAV,very nice staff and the hospital is very clean ,positive,positive
178,diabetes,dr.sidhu,An excellent Hospital with Great Doctors,VAIBHAV,One of the best clinics had ever been.,positive,positive
179,diabetes,dr.sidhu,Good treatment ,VAIBHAV,"All facilities are available laboratory,pharmacy and good staff .I trust this",positive,positive
180,diabetes,dr.sidhu,Doctors are very friendly supporting staffs are good. Recommend all diabetic patients to consult him as he is very experienced. All the best for him and his team,VAIBHAV,Excellent hospitality,positive,positive
181,diabetes,dr.naveen,i had a very good experience with the LAB and NURSE team when i went to get my health check up done.,VAIBHAV,Best part is they don't mislead and dont recommend many tests to perform to make money unlike many other hospitals do.,positive,positive
182,diabetes,dr.naveen,They were very friendly and at the same time very informative about what they were doing to me in terms of the health checkup that i was under going.,VAIBHAV,Best hospital for many purpose,positive,positive
183,diabetes,dr.sidhu,The clinic also has a very senior and highly experienced doctor ,VAIBHAV,Consultancy fee and test fee is very offordble,positive,positive
184,diabetes,dr.naveen,Pls do visit this centre .from my experience .... doctor was very friendly and helpful ,VAIBHAV,Nice place and Staffs,positive,positive
185,diabetes,dr.sidhu,We are extremely happy about treatment of doctor,VAIBHAV,Receptionist is not at all answerable. If ask any regarding Dr appointment & others,positive,neutral
186,diabetes,dr.naveen,Service is good and staff is friendly,VAIBHAV,Courteseous staff,positive,neutral
187,diabetes,dr.prakash,Very good treatment pleasant atmosphere,VAIBHAV,Receptionist is not at all answerable. If ask any regarding Dr appointment & others,positive,neutral
188,diabetes,dr.prakash,Clear guidelines and instructions. They provide special care with contact number to assist in future. ,VAIBHAV,Excellent,positive,positive
189,diabetes,dr.prakash,Very very Good doctors i have visitted 1st time here i had excellent experience here sri haree sir was an extraordinary dr he was very good dr iam very thank full to all the staff and drs iam happy,VAIBHAV,Loved it,positive,positive
190,diabetes,dr.prakash,Dr is very professional and he will find the cause immediately. Once if u consult him you will not consult anybody else. Such a good doctor.,VAIBHAV,Cleaning facts,positive,neutral
191,diabetes,dr.naveen,"nice doctor, who gives you a lot of confidence in facing your health issues",VAIBHAV,"Happy with the service and with the team, 360 approach for diabetes is really beniftial",positive,positive
192,diabetes,dr.naveen,"Excellent response and perfect analysis from Dr..and good supportive staff,helping patients get better soon!",VAIBHAV,Best place where we receive best service.. And all staff are very caring...,positive,positive
193,diabetes,dr.naveen,It's good feeling in the clinic,VAIBHAV,"Good service,package sugar 360 platinum is very helpful ",positive,positive
194,diabetes,dr.sidhu,Dr  is a very experienced doctor for Diabetes tratement and also a very good physician.,VAIBHAV,good experience.,positive,positive
195,diabetes,dr.prakash,Good treatment. Also good conversation,VAIBHAV,"really provides good service, staffs r really coperative nd hospital has maintained a proper ambience nd cleaniness .",positive,positive
196,diabetes,dr.sidhu,Suffering from sugar now it is under control thanks to sir,VAIBHAV,One of the best place for diabetes and doctor treatment is good,positive,positive
197,diabetes,dr.naveen,Doctors and nurses are very cooperative,VAIBHAV,Good service..pleasant...,positive,positive
198,diabetes,dr.prakash,"Humble, patient and well qualified.",VAIBHAV,Good staffs best treatment,negative,positive
199,diabetes,dr.naveen,Good clinic for diabetic patients,VAIBHAV,"Good hospitality, good treatment, best place to go to if ur diabetic...!!!!!!",positive,positive
200,diabetes,dr.prakash,Good treatment. Also good conversation,VAIBHAV,Completely satissatisfied with the service,positive,positive
201,diabetes,dr.naveen,Very good doctor...clean and modern medical centre.,VAIBHAV,This is the right place for diabetes,positive,positive
202,diabetes,dr.prakash,Suffering from sugar now it is under control thanks to  sir,VAIBHAV,Nice experience.,positive,positive
203,diabetes,dr.naveen,Doctors and nurses are very cooperative,VAIBHAV,Very good and satisfactory,positive,positive
204,diabetes,dr.naveen,Very cooperative and helpful,VAIBHAV,Good atmosphere and hospitality,positive,positive
205,diabetes,dr.prakash,Courteseous staff,VAIBHAV,all staff are so curtious with patients and public,neutral,neutral
206,diabetes,dr.sidhu,"Humble, patient and well qualified.",VAIBHAV,It doesn't look like clinc but homely atmosphere. All patients are at ease with Doctors touch,negative,neutral
207,diabetes,dr.sidhu,Good clinic for diabetic patients,VAIBHAV,Life care is the best clinic for all diabetes patients,positive,positive
208,diabetes,dr.prakash,Very good doctors,VAIBHAV,Nice place good to see pleasant,positive,positive
209,diabetes,dr.naveen,Good doctor,VAIBHAV,Very nice Service,positive,positive
210,diabetes,dr.prakash,Experienced doctors,VAIBHAV,Good atmosphere,positive,positive
211,diabetes,dr.naveen,Friendly staff and prompt.,VAIBHAV,Best clinic.,positive,positive
212,diabetes,dr.sidhu,"Good Service , Im very Happy to take tritment in Apollo Sugar Sheshadripuram , Staff very Help to each & every Patient",VAIBHAV,Excellent,positive,positive
213,diabetes,dr.sidhu,Good place for dieabitecs and complications.,VAIBHAV,Excellant diagnosis and courteous staff,positive,positive
214,diabetes,dr.prakash,All the necessary test will be done under one roof.... Good doctor and staffs,VAIBHAV,Excellent centre with great Dr and support staff,positive,positive
215,diabetes,dr.sidhu,"Good Service , Im very Happy to take tritment in Apollo Sugar Sheshadripuram , Staff very Help to each & every Patient",VAIBHAV,This is the best clinic for diabetic patients .....,positive,positive
216,diabetes,dr.naveen,best treatment good service and staffs are very kind and helping nature in apollo sugar clinic,VAIBHAV,The hospital staff is very friendly. ,positive,positive
217,diabetes,dr.prakash,Excellent service,VAIBHAV,Most efficient services in .hospital. Amazing,positive,positive
218,diabetes,dr.prakash,Nicely approching and talking.,VAIBHAV,Budget friendly,positive,positive
219,diabetes,dr.naveen,Problem solving without any difficulties,VAIBHAV,I have been bringing my father for the last 1 year and I only have pleasant experiences to share. It is a very good clinic.,neutral,positive
220,diabetes,dr.sidhu,They are quite professional and have excellent qualified team and doctor!,VAIBHAV,we have received good service,positive,positive
221,diabetes,dr.prakash,Best treatment and staff's very good and doctor Narendra treatment is very good I will refer my friends,VAIBHAV,Treatment Satisfaction,positive,neutral
222,diabetes,dr.sidhu,"Nice hopiyality , doctor was very good.",VAIBHAV,Service was very nice.,positive,positive
223,diabetes,dr.naveen,Very good staffs and doctor best treatment,VAIBHAV,"Good hospital, we are visiting since last 8 years",positive,positive
224,diabetes,dr.sidhu,Good hospitality and very good treatment..... Nice staff good caring....,VAIBHAV,Complete Diabetes care,positive,positive
225,diabetes,dr.prakash,Very nice doctor with attention to detail,VAIBHAV,One of the best place for diabetes and doctor treatment is good,positive,positive
226,diabetes,dr.sidhu,Care & response is good,VAIBHAV,This is one of the best hospital to visit for any kind of health issue,positive,positive
227,diabetes,dr.prakash,Good staffs best treatment,VAIBHAV,We had a good experience at this hospital,positive,positive
228,diabetes,dr.prakash,Team is aligned giving best care to the patients and doctor treartrea is very good,VAIBHAV,clean and hygienic place,positive,positive
229,diabetes,dr.naveen,Very good experience with staffs and doctor I ll refer my friends,VAIBHAV,cool and comfortable hospital.,positive,positive
230,diabetes,dr.naveen,very good n excellent staff n very friendly also..,VAIBHAV,"Very well maintained,",positive,positive
231,diabetes,dr.prakash,"Staffs are excellent and doctor consultation is also good, staffs are very helpful",VAIBHAV,clean and hygienic place,positive,positive
232,diabetes,dr.prakash,Excellent,VAIBHAV,very nice staff and the hospital is very clean ,positive,positive
233,diabetes,dr.sidhu,The Best Treatment Friendly approach of staff,VAIBHAV,Best clinic.,positive,positive
234,diabetes,dr.sidhu,"Good staff and excellent treatment, staffs are very friendly and smiling",VAIBHAV,"really provides good service, staffs r really coperative nd hospital has maintained a proper ambience nd cleaniness .",positive,positive
235,diabetes,dr.naveen,Good & friendly treatment & very much co-operate to patient & conselling,VAIBHAV,cool and comfortable hospital.,positive,positive
236,diabetes,dr.prakash,Best treatment,VAIBHAV,Excellent hospitality,positive,positive
237,diabetes,dr.prakash,Staffs are excellent and helpful.,VAIBHAV,Overall treatment was good,positive,positive
238,diabetes,dr.naveen,Best treatment and staffs are good,VAIBHAV,Good service hospital,positive,positive
239,diabetes,dr.prakash,Well good experience with doctors and with staff.,VAIBHAV,Best for casualty and emergency,positive,positive
240,diabetes,dr.naveen,The doctors are really caring and spend quality time with the patient .,VAIBHAV,Excellent,positive,positive
241,diabetes,dr.sidhu,Excellent staffs,VAIBHAV,This is the right place for diabetes,positive,positive
242,diabetes,dr.sidhu,Polite doctor explains in detail with suggestions,VAIBHAV,Courteseous staff,neutral,neutral
243,diabetes,dr.sidhu,She is very kind and persceribing medicines r really good,VAIBHAV,Service was very nice.,positive,positive
244,diabetes,dr.sidhu,Very systematically the doctor has treated and brought the sugar level to control for my mom in law.,VAIBHAV,Good Hospital and Co-staff,positive,positive
245,heart,dr.nidhi,"Doctor is too cool listing to each and every the problems and taken his time,suggested the best medicine .....",VAIBHAV,Good facilitys,positive,positive
246,heart,dr.deepu,"Doctor seems to be less interested to see patient. No detailed history, no physical examination and just gave medicine after asking 2 questions.",VAIBHAV,Best clinic,negative,positive
247,breast,dr.gaythri,I don't recommend this Dr.,VAIBHAV,Most Worst hospital worst doctor Dr ,neutral,negative
248,breast,dr.priya,"Doctor seems to be less interested to see patient. No detailed history, no physical examination and just gave medicine after asking 2 questions.",VAIBHAV,i hve experienced the worst fake reports in the life care hospital,negative,negative
249,breast,dr.priya,Dr and spend time and listen to queries and then treats well I suggest this Dr to all,VAIBHAV,Excellent centre with great Dr and support staff,neutral,positive
250,breast,dr.priya,"best place for diabetes care in banglore,doctor listen to you gives good insite about the condition ,was very satisfied with my mothers progress",VAIBHAV,Best clinic,positive,positive
251,diabetes,dr.sidhu,"Good, polite and sensible doctor",VAIBHAV,Best for casualty and emergency,positive,positive
252,diabetes,dr.sidhu,Very good experience. Listens to the patient very carefully before giving treatment. Quality of a good doctor.,VAIBHAV,Nice place and Staffs,positive,positive
253,heart,dr.nidhi,Professional staff....quality treatment...will recommend others.,VAIBHAV,Too much waiting. For getting cure we are visiting here. But by making us to wait for doctor will results with some special diseaases,positive,positive
254,breast,dr.gaythri,Good doctor with excellent knowledge. Worth consulting,VAIBHAV,Staff and latest Equipment for all your needs.,positive,positive
255,breast,dr.priya,Treatment is very good and Doctor is very polite and professional ...,VAIBHAV,very bad service,positive,negative
256,diabetes,dr.prakash,Good Doctor for diabetic patients.,VAIBHAV,One of the best clinics had ever been.,positive,positive
257,diabetes,dr.naveen,"A doctor, worth consulting for a better health",VAIBHAV,The hospital staff and doctor are very good,positive,positive
258,diabetes,dr.naveen,A Doctor you can rely on and you get complete care for diabetic and related issues.,VAIBHAV,"Good service,package sugar 360 platinum is very helpful ",positive,positive
259,breast,dr.gaythri,Doctor is very Commercial & money Minded,VAIBHAV,"Average service, expensive.",neutral,negative
260,diabetes,dr.naveen,"Met first time, doctor is friendly & experienced. Fast and correct diagnosis. I have to review still with him but...meeting was gr8.",VAIBHAV,The hospital staff and doctor are very good,positive,positive
261,diabetes,dr.sidhu,He is a brilliant doctor,VAIBHAV,Service was very nice.,positive,positive
262,diabetes,dr.sidhu,Does not go overboard on medication,VAIBHAV,Overall treatment was good,negative,positive
263,diabetes,dr.sidhu,money minded commercial doctor .,VAIBHAV,Cleanliness is well maintained,neutral,neutral
264,diabetes,dr.sidhu,nice and good treatment,VAIBHAV,Good atmosphere,positive,positive
265,diabetes,dr.sidhu,Doctor takes care of all patients with atmost care and friendly. ,VAIBHAV,"Health Issue,Treatment Satisfaction,Value for money,Value for wait time",positive,neutral
266,diabetes,dr.prakash,Good Dr treating patient very well ,VAIBHAV,Good service..pleasant...,positive,positive
267,diabetes,dr.prakash,Good Doctor and Good treatment,VAIBHAV,Super hospital and good services,positive,positive
268,diabetes,dr.prakash,nice doctor,VAIBHAV,Its fantastic place to get treatment for diabetes,positive,positive
269,diabetes,dr.naveen,Excellent Doctor,VAIBHAV,ONE STOP place for a complete Diabetes Care with exceptionally caring faculty..,positive,positive
270,diabetes,dr.prakash,Great treatment....,VAIBHAV,"Friendly atmosphere,Good technology",positive,positive
271,diabetes,dr.naveen,Doctor is very good and caring,VAIBHAV,"Good care, good diabetic clinic and lab",positive,positive
272,diabetes,dr.sidhu,One of the best clinic to get the treatment for Diabeties and its complications,VAIBHAV,Complete Diabetes care,positive,positive
273,diabetes,dr.sidhu,Excellent doctor to visit for all ur diabetic problems and one stop soloution to resolve all ur other medical problems also,VAIBHAV,Hygienity is maintained well in hospital,positive,neutral
274,diabetes,dr.naveen,good environment and experienced doctors,VAIBHAV,"Well equipped, experienced staffs. ",positive,positive
275,breast,dr.priya,Poor quality treatment zero value for money,VAIBHAV,cool and comfortable hospital.,negative,positive
276,diabetes,dr.prakash,Nice hospital and good experience ,VAIBHAV,Hospital service is good.,positive,positive
277,diabetes,dr.prakash,Nice hospital,VAIBHAV,Complete Diabetes care,positive,positive
278,breast,dr.gaythri,Not a professional experience,VAIBHAV,very bad service,negative,negative
279,diabetes,dr.prakash,Excellent Doctors,VAIBHAV,I am happy about the treatment and nursing service in this hospital thank you.,positive,positive
280,diabetes,dr.naveen,Staffs are very helpful. ,VAIBHAV,Service was very nice.,positive,positive
281,diabetes,dr.sidhu,Doctors are very cooperative,VAIBHAV,Service was very nice,positive,positive
282,heart,dr.deepu,Overall treatment was good.,VAIBHAV,very bad service,positive,negative
283,heart,dr.deepu,Friendly staff..!! Helps out a lot,VAIBHAV,very bad service,positive,negative
284,diabetes,dr.naveen,Wonderful doctor..!! ,VAIBHAV,Service was very nice.,positive,positive
285,breast,dr.priya,Service is very nice. About operation I should wait and check how successful it is.,VAIBHAV,too expencive,positive,neutral
286,diabetes,dr.prakash,The staff and doctors here are very good in terms of knowledge,VAIBHAV,Good facilitys,positive,positive
287,diabetes,dr.sidhu,Staff is very supportive at all the time. I will give full marks to this hospital and entire staff for their hospitality and support to the patients.,VAIBHAV,"My experience at The Heart Centre, Hospital was superior and well above medical treatment standards",positive,positive
288,breast,dr.sidhu,As per my experience don't go for this hospital. Heavy costlier .... and no patients r there in hospital. Simply they are charging like devils.,VAIBHAV,Best clinic,negative,positive
289,diabetes,dr.sidhu,"Nice hospital with a good care ,thank you doctors and all the staff",VAIBHAV,The hospital is very well constructed with all the needs for patient. ,positive,positive
290,diabetes,dr.sidhu,Very good service by Doctors and staff.,VAIBHAV,Service was very nice.,positive,positive
291,breast,dr.priya,docor is focusing more to surgery than treatment.,VAIBHAV,As per my experience don't go for this hospital. Heavy costlier .... and no patients r there in hospital. Simply they are charging like devils.,positive,negative
292,diabetes,dr.naveen,"Kind hearted doctors and his staff, I am very greatful to the dcotors and tbe staff for their services",VAIBHAV,Not a good hospital,positive,negative
293,diabetes,dr.naveen,Tanks you for good treatment fantastic service,VAIBHAV,This is one of the best hospital to visit for any kind of health issue,positive,positive
294,diabetes,dr.prakash,"Good hospital, great doctors and surgeons.",VAIBHAV,I will give full marks to this hospital and entire staff for their hospitality and support to the patients.best hospital in Bangalore,positive,positive
295,diabetes,dr.prakash,Had good experience and over all good,VAIBHAV,Very good hospital..great ambiance. ,positive,positive
296,diabetes,dr.naveen,"Great doctor, and his service.",VAIBHAV,I am happy about the treatment and nursing service in this hospital thank you.,positive,positive
297,diabetes,dr.sidhu,Doctors advice and caring is good. ,VAIBHAV,very bad service ,positive,negative
298,diabetes,dr.sidhu,Personal care and service by doctors and staff is fantastic,VAIBHAV,cool and comfortable hospital.,positive,positive
299,breast,dr.hamsa,Higly experienced docters available,SPARSH,Best place for cancer treatment,positive,positive
300,breast,dr.hamsa,Systamatic way of treating the diseases by knowing the cause and severity.,SPARSH,Good hospital but late for reports,neutral,positive
301,breast,dr.ravi,Dr Ravi diwakar sir is so humble and soft speaking person..,SPARSH,"My mom is suffering breast cancer, good treatment and successfull treatment ",negative,positive
302,breast,dr.ravi,Dr. always fills hope and will power in patients.. ,SPARSH,There is a free help for poor patients,neutral,neutral
303,breast,dr.hamsa,Good and efficient. Polite and helpful staff,SPARSH,Good very good hospital,positive,positive
304,breast,dr.hamsa,Excellent doctor.. Has great knowledge amd practices best and latest technology. Highly recommended.,SPARSH,I found the facilities to be good for treatment.,positive,positive
305,breast,dr.rav,"The very apperience of sir, creats confidence in the patients. Soft nature, consoling is great. ",SPARSH,The hospital serving masses! Amazing Leadership,positive,positive
306,breast,dr.rav,"genuine healer of cancer and to get overall positive results, right diagnosis is necessary ",SPARSH,Even the poorest can get treated.,positive,neutral
307,breast,dr.hamsa,the counseling by the doctor has helped us taking ,SPARSH,Hospital with affordable cost for cancer treatment. ,neutral,neutral
308,breast,dr.hamsa,determine decision. Infact doctor is friendly in all aspects and has given best guidance,SPARSH,Hospital atmosphere was really good,positive,positive
309,breast,dr.rav,very experienced and friendly doctor,SPARSH,Cost of the treatment was affordable too,positive,neutral
310,breast,dr.sandeep,I highly recommend him and a big thumbs up for his quality of work.,SPARSH,Too much waiting. For getting cure we are visiting here. But by making us to wait for doctor will results with some special diseaases,positive,positive
311,breast,dr.sandeep,He diagnosed my problem instantly and provided a meticulous schedule for my current problem. I would definitely recommend him.,SPARSH,"Very amicable staff, including the administrator, doctor and the care givers",neutral,positive
312,breast,dr.sandeep,Dr sandeep is a gem of a person. Very approachable. He fills his patient with lot of positivity with a big smile on his face.,SPARSH,Completely satissatisfied with the service,positive,positive
313,breast,dr.sandeep,i would highly recommend dr sandeep ,SPARSH,Very good hospital And very helpful,positive,positive
314,breast,dr.sandeep,Thanks to Dr Sandeep n his team,SPARSH,Very calming atmosphere and the hospital itself is so clean and shiny!,positive,positive
315,breast,dr.sandeep,Thanks to dr Sandeep Nayak and his team to make people aware and treat them in the most ,SPARSH,The staff very attentive and caring to provide the best service. ,positive,positive
316,breast,dr.sandeep,preferable way to overcome from the cancer.,SPARSH,"Very good treatment given. Doctors, nurses, administration all were very kind.",neutral,positive
317,breast,dr.sandeep,I would strongly recommend Dr Sandeep ,SPARSH,Cleanliness is well maintained,positive,neutral
318,breast,dr.sandeep,Dr Sandeep Nayak is one of the best cancer doctor in india ..he has helped me with my cancer queries and mental preparation for the treatment.,SPARSH,Staff are very friendly and supportive,positive,positive
319,breast,dr.hamsa,"Dr Sandeep Nayak is quite professional and helped me alot by answering my queries regarding cancer symptoms, its effects on the human mind and its cure by having Chemotheraphy",SPARSH,I am very happy good Hospital staff very friendly,positive,positive
320,breast,dr.hamsa,"Doctors are knowledgeable, empathetic.",SPARSH,Consultancy fee and test fee is very offordble,neutral,positive
321,breast,dr.rav,"Experienced the geniunity in this materialistic world, especially thankful to Dr.",SPARSH,"Good care, waiting time and appointments can be managed better",positive,positive
322,diabetes,dr.chandru,worst doctors ,SPARSH,Rude behavior while enquiry through call,negative,negative
323,diabetes,dr.chandru,Not a professional experience,SPARSH,Very commercial health care centre.,negative,neutral
324,diabetes,dr.chandru,not satisified,SPARSH,no neatness,neutral,neutral
325,diabetes,dr.chandru,rude behavior,SPARSH,worst atmospihar,negative,negative
326,diabetes,dr.chandru,very experienced and friendly doctor,SPARSH,overall good,positive,positive
327,heart,dr.swapna,Very nice and calm. Listens to all problem with lot of patience and gives all suggestions.,SPARSH,Cost of the treatment was affordable too,positive,neutral
328,heart,dr.swapna,Not satisfied with doctor.. ,SPARSH,It's is very helpful hospital to cancer patients but security system and nurses is not good doctors is Very good,negative,positive
329,heart,dr.swapna,Very good treatment pleasant atmosphere,SPARSH,Nice place and Staffs,positive,positive
330,heart,dr.swapna,Worst experience ever have. ,SPARSH,not a good hospital,negative,negative
331,heart,dr.swapna,very bad treatment,SPARSH,Best hospital for many purpose,negative,positive
332,heart,dr.swapna,Not satisfied with doctor.,SPARSH,Not satisfied with hospital.,negative,negative
333,breast,dr.hamsa,The doctors are really caring and spend quality time with the patient ,SPARSH,Excellent,positive,positive
334,breast,dr.hamsa,good doctor thank you,SPARSH,Very good and satisfactory,positive,positive
335,breast,dr.hamsa,good doctors,SPARSH,cool and comfortable hospital,positive,positive
336,heart,dr.swapna,"Doctors are knowledgeable, empathetic.",SPARSH,good hospital,neutral,positive
337,diabetes,dr.chandru,The nurses and doctors are so good . . ,SPARSH,For me this clinic is perfect place for a diabetic patient to get into!!,positive,positive
338,diabetes,dr.chandru,Not a professional experience,SPARSH,worst hospital,negative,negative
339,breast,dr.rav,"The Doctor is Good,",SPARSH,"Super support from staff, Nurse and Doctor.",positive,positive
340,breast,dr.hamsa,Staffs are excellent and helpful.,SPARSH,Very good and satisfactory,positive,positive
341,heart,dr.swapna,very bad treatment,SPARSH,One of the best clinics had ever been.,negative,positive
342,diabetes,dr.chandru,Good clinic for diabetic patients,SPARSH,Good service hospital,positive,positive
343,diabetes,dr.geetha,"A doctor, worth consulting for a better health",SPARSH,"staff was good, polite,friendly, interactive and informative.",positive,positive
344,breast,dr.geetha,We received good support from the team of doctors and other staffs,SPARSH,Good faculty and loved the people around. One of the best hospital with all Facilities.,positive,positive
345,breast,dr.geetha,Excelent team of Doctors. ,SPARSH,Doctors and nurses taken excellent care,neutral,positive
346,breast,dr.hamsa,"I am a breast cancer patient, and I am very much fine now. I took the treatment ",SPARSH,"Health Issue,Treatment Satisfaction,Value for money,Value for wait time",positive,neutral
347,breast,dr.hamsa,"Humble,patience,no unnecessary tests",SPARSH,"Excellent staff,especially nurses, house keeping facilities. Nurses, namely, Miss Liji, Miss Divya Chawan and Miss Juna were very kind",negative,positive
348,breast,dr.geetha,"Knowledgeble,helpful,best consultation",SPARSH,"Very very good, knowledgeable, carring nurshing staff",neutral,positive
349,breast,dr.geetha,"Friendliness,Wait time Explanation of Health issue",SPARSH,Please clean the washrooms. The smell is very very bad. Service seems to be ok.,neutral,negative
350,breast,dr.hamsa,"Friendliness,Wait time ,Explanation of Health issue, treatment satisfaction",SPARSH,Everyone is so friendly and reassuring!,neutral,positive
351,breast,dr.sandeep,"Friendliness,Wait time ,Value for money",SPARSH,The hospitality is very good from doctors to all persons attached to the hospitality,neutral,positive
352,breast,dr.hamsa,"Value for money, Doctor friendliness ,treatment satisfaction",SPARSH,Quick response times for appointment too! ,neutral,positive
353,breast,dr.hamsa,"Friendlines, Explanation of Health Issue, treatment satisfaction ,value for money",SPARSH,Excellent and best in class for all your aches and pains in the heart of namma Bengaluru,neutral,positive
354,breast,dr.rav,Explanation of Health Issue,SPARSH,Everyone is so friendly and reassuring!,neutral,positive
355,breast,dr.rav,"Doctor Friendliness,Explanation of Health Issue",SPARSH,Very good hospital .. affordable and good treatment for cardic problems. ,neutral,positive
356,breast,dr.sandeep,Convinient and Helpful,SPARSH,Best for casualty and emergency,neutral,positive
357,breast,dr.hamsa,Quick reduction of symptoms,SPARSH,too expencive,positive,neutral
358,breast,dr.rav,friendliness explanation of health issue treatment satisfaction,SPARSH,Quick response times for appointment too! ,neutral,positive
359,breast,dr.hamsa,Doctors and management r not good,SPARSH,"Excellent staff,especially nurses, house keeping facilities. Nurses, namely, Miss Liji, Miss Divya Chawan and Miss Juna were very kind",negative,positive
360,breast,dr.hamsa,Over all good service thanks to kamadhenu hospital all staffs special thanks to Dr preksha best hospital in bangalore.,SPARSH,Very calming atmosphere and the hospital itself is so clean and shiny!,positive,positive
361,breast,dr.hamsa,Inpatient service by doctors and nurse is treated well.,SPARSH,The staff very attentive and caring to provide the best service. ,neutral,positive
362,breast,dr.hamsa,One of the best team. Can always relay on Dr. Rehan. Humble n down to Earth.. never need second opinion.... EOD you will walk out with a smile...,SPARSH,"My experience at The Heart Centre, Hospital was superior and well above medical treatment standards",positive,positive
363,breast,dr.hamsa,good team,SPARSH,Good service..pleasant..,positive,positive
364,breast,dr.hamsa,Problem solving without any difficulties,SPARSH,The facilty is hygienic & well maintained.,neutral,neutral
365,breast,dr.rav,Good doctors. Friendly staff. Good follow up. Very happy with the treatment.,SPARSH,Good atmosphere,positive,positive
366,breast,dr.rav,Good treatment. Also good conversation,SPARSH,very nice staff and the hospital is very clean ,positive,positive
367,breast,dr.rav,well experienced Doctors,SPARSH,cool and comfortable hospital,positive,positive
368,breast,dr.sandeep, I felt very happy about the dr revanth shivakumar and all the staff thank you,SPARSH,I recommend my family and friends thank you good luck keep moving with more success.,positive,positive
369,breast,dr.rav,Very compassionate and friendly with patients.Recommend all to use the service of her when in need.,SPARSH,I am very much satisfied with the service and treatment,positive,positive
370,breast,dr.rav,Polite doctor explains in detail with suggestions,SPARSH,Very good and satisfactory,neutral,positive
371,breast,dr.hamsa,Nice doctor  good treatment,SPARSH,I will refer cases due to excellent service. ,positive,positive
372,breast,dr.rav,very bad experence,SPARSH,Too much waiting. For getting cure we are visiting here. But by making us to wait for doctor will results with some special diseaases,negative,positive
373,breast,dr.hamsa,An excellent Hospital with Great Doctors,SPARSH,Very good hospital And very helpful,positive,positive
374,breast,dr.geetha,"genuine healer of cancer and to get overall positive results, right diagnosis is necessary ",SPARSH,Most efficient services in .hospital. Amazing,positive,positive
375,breast,dr.sandeep,"Good, polite and sensible doctor",SPARSH,Nice place and Staffs,positive,positive
376,breast,dr.hamsa,Very cooperative and helpful,SPARSH,Consultancy fee and test fee is very offordble,positive,positive
377,breast,dr.rav,Doctors advice and caring is good. ,SPARSH,Good staffs best treatment,positive,positive
378,breast,dr.hamsa,"genuine healer of cancer and to get overall positive results, right diagnosis is necessary ",SPARSH,I am very happy good Hospital staff very friendly,positive,positive
379,breast,dr.rav,Good doctor with excellent knowledge. Worth consulting,SPARSH,"Very well maintained,",positive,positive
380,breast,dr.sandeep,He is a brilliant doctor,SPARSH,"Super support from staff, Nurse and Doctor.",positive,positive
381,breast,dr.rav,One of the best clinic to get the treatment for Diabeties and its complications,SPARSH,Treatment Satisfaction,positive,neutral
382,breast,dr.sandeep,The Doctor is excellent. He checks all the details and suggest for the medicine. He don't overdo by giving lots of medicine.,SPARSH,Most efficient services in .hospital. Amazing,positive,positive
383,breast,dr.hamsa,Good treatment ,SPARSH,Nice place good to see pleasan,positive,positive
384,breast,dr.rav,"Good, polite and sensible doctor",SPARSH,The hospital staff and doctor are very good,positive,positive
385,breast,dr.hamsa,Excellent Doctor,SPARSH,One of the best clinics had ever been.,positive,positive
386,breast,dr.hamsa,Wonderful doctor..!!,SPARSH,Excellent,positive,positive
387,breast,dr.hamsa,Friendly staff..!! Helps out a lot,SPARSH,Cost of the treatment was affordable too,positive,neutral
388,breast,dr.rav,"Value for money, Doctor friendliness ,treatment satisfaction",SPARSH,Best hospital for many purpose,neutral,positive
389,breast,dr.rav,Nicely approching and talking.,SPARSH,Very good and satisfactory,positive,positive
390,breast,dr.sandeep,Doctors are very friendly supporting staffs are good. Recommend all diabetic patients to consult him as he is very experienced. All the best for him and his team,SPARSH,I am happy with the service so far. Hope to have my sugar under controlled comfortably.,positive,positive
391,breast,dr.hamsa,Good staffs best treatment,SPARSH,Excellent,positive,positive
392,breast,dr.rav,Doctor is very Commercial & money Minded,SPARSH,Too much waiting. For getting cure we are visiting here. But by making us to wait for doctor will results with some special diseaases,neutral,positive
393,breast,dr.rav,very bad experence,SPARSH,very bad service,negative,negative
394,breast,dr.rav,Best treatment,SPARSH,Very good and satisfactory,positive,positive
395,breast,dr.hamsa,Good doctor with excellent knowledge. Worth consulting,SPARSH,"staff was good, polite,friendly, interactive and informative.",positive,positive
396,breast,dr.sandeep,They are quite professional and have excellent qualified team and doctor!,SPARSH,I recommend my family and friends thank you good luck keep moving with more success.,positive,positive
397,breast,dr.rav,Great experience. Excellent staff,SPARSH,Not satisfied with hospital.,positive,negative
398,heart,dr.swapna,Not satisfied with doctor.,SPARSH,"Very well maintained,",negative,positive
399,breast,dr.hamsa,Service is good and staff is friendly,SPARSH,Good staffs best treatment,positive,positive
400,breast,dr.hamsa,good team,SPARSH,Service was very nice.,positive,positive
401,breast,dr.hamsa,Explanation of Health Issue,SPARSH,cool and comfortable hospital,neutral,positive
402,breast,dr.rav,Very much satisfied with the doctor treatment and services,SPARSH,Very calming atmosphere and the hospital itself is so clean and shiny!,positive,positive
403,breast,dr.sandeep,Great care from all. ,SPARSH,Nice place good to see pleasan,positive,positive
404,breast,dr.sandeep,Nice treatment and helpful staffs.,SPARSH,Budget friendly,positive,positive
405,breast,dr.sandeep,not satisified,SPARSH,"Average service, expensive.",neutral,negative
406,diabetes,dr.chandru,Not satisfied with doctor.,SPARSH,The hospital staff and doctor are very good,negative,positive
407,diabetes,dr.chandru,good team,SPARSH,I highly recommend this place for treatment of diabetes..,positive,positive
408,diabetes,dr.chandru,Doctors and management r not good,SPARSH,Very good hospital And very helpful,negative,positive
409,diabetes,dr.chandru,"A doctor, worth consulting for a better health",SPARSH,One of the best clinics had ever been.,positive,positive
410,diabetes,dr.chandru,money minded,SPARSH,"Average service, expensive.",neutral,negative
411,breast,dr.rav,I am very happy my brother in law admitted good care all staff very cooperated I am very thankful ,SPARSH,The hospital staff and doctor are very good,positive,positive
412,breast,dr.hamsa,Not a professional experience,SPARSH,worst hospital,negative,negative
413,breast,dr.rav,"The very apperience of sir, creats confidence in the patients. Soft nature, consoling is great. ",SPARSH,Treatment Satisfaction,positive,neutral
414,breast,dr.hamsa,good team,SPARSH,Best centre at Bangalore ,positive,positive
415,breast,dr.hamsa,"Friendliness,Wait time Explanation of Health issue",SPARSH,Most efficient services in .hospital. Amazing,neutral,positive
416,breast,dr.hamsa,Verry good experience with the doctor and same goes with staff ,SPARSH,Cleanliness is well maintained,positive,neutral
417,breast,dr.hamsa,Doctors advice and caring is good. ,SPARSH,"Super support from staff, Nurse and Doctor.",positive,positive
418,breast,dr.hamsa,Quick reduction of symptoms,SPARSH,Staff are very friendly and supportive,positive,positive
419,breast,dr.sandeep,Poor quality treatment zero value for money,SPARSH,not recomanded,negative,neutral
420,breast,dr.hamsa,Explanation of Health Issue,SPARSH,Cost of the treatment was affordable too,neutral,neutral
421,breast,dr.sandeep,"Humble, patient and well qualified.",SPARSH,Very good hospital And very helpful,negative,positive
422,breast,dr.hamsa,very well treate,SPARSH,We had a good experience at this hospital. ,positive,positive
423,breast,dr.hamsa,Personal care and service by doctors and staff is fantastic,SPARSH,"Excellent staff,especially nurses, house keeping facilities. Nurses, namely, Miss Liji, Miss Divya Chawan and Miss Juna were very kind",positive,positive
424,breast,dr.rav,good doctor thank you,SPARSH,I will refer cases due to excellent service. ,positive,positive
425,breast,dr.rav,The nurses and doctors are so good . . ,SPARSH,An excellent Hospital with Great Doctors,positive,positive
426,breast,dr.rav,Excellent staffs,SPARSH,Budget friendly,positive,positive
427,breast,dr.rav,good doctor thank you,SPARSH,Excellent,positive,positive
428,breast,dr.rav,Doctors are very friendly supporting staffs are good. Recommend all diabetic patients to consult him as he is very experienced. All the best for him and his team,SPARSH,Very good hospital And very helpful,positive,positive
429,breast,dr.rav,Quick reduction of symptoms,SPARSH,Good hospital,positive,positive
430,breast,dr.hamsa,"Friendliness,Wait time Explanation of Health issue",SPARSH,Cost of the treatment was affordable too,neutral,neutral
431,breast,dr.hamsa,well experienced Doctors,SPARSH,Service was very nice.,positive,positive
432,breast,dr.sandeep,The doctor is very good at his work and the staff is really good.,SPARSH,The facilities are very good and staff,positive,positive
433,breast,dr.sandeep,Great care from all. ,SPARSH,Good service..pleasant..,positive,positive
434,breast,dr.hamsa,Overall treatment was good.,SPARSH,"Good care, waiting time and appointments can be managed better",positive,positive
435,breast,dr.hamsa,exceptionally well organised team,SPARSH,The hospital staff and doctor are very good,positive,positive
436,breast,dr.hamsa,Care & response is good,SPARSH,I am happy with the service so far. Hope to have my sugar under controlled comfortably.,positive,positive
437,breast,dr.hamsa,He is a brilliant doctor,SPARSH,The facilty is hygienic & well maintained.,positive,neutral
438,breast,dr.hamsa,An excellent Hospital with Great Doctors,SPARSH,I am happy with the service so far. Hope to have my sugar under controlled comfortably.,positive,positive
439,breast,dr.hamsa,"Friendliness,Wait time Explanation of Health issue",SPARSH,Consultancy fee and test fee is very offordble,neutral,positive
440,breast,dr.sandeep,An excellent Hospital with Great Doctors,SPARSH,Very calming atmosphere and the hospital itself is so clean and shiny!,positive,positive
441,breast,dr.sandeep,Not good didn't get proper treatment to my dad.... money minded simply prolonging the treatment without proper diagnosis,SPARSH,not a good hospital,negative,negative
442,breast,dr.sandeep,Explanation of Health Issue,SPARSH,Good atmosphere,neutral,positive
443,diabetes,dr.chandru,Good Doctor for diabetic patients.,SPARSH,We had a good experience at this hospital. ,positive,positive
444,diabetes,dr.chandru,Nice doctor  good treatment,SPARSH,"staff was good, polite,friendly, interactive and informative.",positive,positive
445,diabetes,dr.chandru,They are not good in care about heart ,SPARSH,Best hospital for many purpose,negative,positive
446,breast,dr.sandeep,good team,SPARSH,very nice staff and the hospital is very clean ,positive,positive
447,breast,dr.hamsa,We are very appreciated for the immediate attention for the patient needs ,SPARSH,I will refer cases due to excellent service. ,positive,positive
448,breast,dr.hamsa,Service is good and staff is friendly,SPARSH,Very calming atmosphere and the hospital itself is so clean and shiny!,positive,positive
449,breast,dr.hamsa,Great care from all. ,SPARSH,Cost of the treatment was affordable too,positive,neutral
450,breast,dr.sandeep,"The Doctor is Good,",SPARSH,Consultancy fee and test fee is very offordble,positive,positive
451,breast,dr.rav,Explanation of Health Issue,SPARSH,I am very much satisfied with the service and treatment,neutral,positive
452,breast,dr.rav,"very good doctor,my mothers diabetes is under control for the past 9months.good staff are very cooperative and will guide u untill ur finished.",SPARSH,Excellent,positive,positive
453,breast,dr.rav,Convinient and Helpful,SPARSH,The facilities are very good and staff,neutral,positive
454,breast,dr.sandeep,An excellent Hospital with Great Doctors,SPARSH,Good atmosphere,positive,positive
455,breast,dr.hamsa,Excellent Doctor,SPARSH,This is one of the best hospital to visit for any kind of health issu,positive,positive
456,breast,dr.sandeep,We are so happy for your support. Thank you so much ,SPARSH,Neatness not bad,positive,positive
457,breast,dr.hamsa,Nice doctor  good treatment,SPARSH,Very good hospital I was a patient for 4 days and the nurses treated me as a king thank you sooo much,positive,positive
458,breast,dr.rav,Communication between the staff and the patient is very good. They have a regular contact with the patients,SPARSH,I recommend my family and friends thank you good luck keep moving with more success.,positive,positive
459,breast,dr.sandeep,Explanation of Health Issue,SPARSH,Very calming atmosphere and the hospital itself is so clean and shiny!,neutral,positive
460,breast,dr.hamsa,He is a brilliant doctor,SPARSH,Staff and latest Equipment for all your needs.,positive,positive
461,breast,dr.hamsa,Courteseous staff,SPARSH,Very good and satisfactory,neutral,positive
462,breast,dr.hamsa,friendliness explanation of health issue treatment satisfaction,SPARSH,Cost of the treatment was affordable too,neutral,neutral
463,breast,dr.hamsa,Nice treatment and helpful staffs.,SPARSH,"My experience at The Heart Centre, Hospital was superior and well above medical treatment standards",positive,positive
464,breast,dr.hamsa,Doctors are very cooperative,SPARSH,Treatment Satisfaction,positive,neutral
465,breast,dr.sandeep,Care & response is good,SPARSH,Budget friendly,positive,positive
466,breast,dr.sandeep,Great experience. Excellent staff,SPARSH,very nice staff and the hospital is very clean ,positive,positive
467,breast,dr.sandeep,Good treatment ,SPARSH,cool and comfortable hospital,positive,positive
468,breast,dr.sandeep,The Doctor is Good,SPARSH,Excellent,positive,positive
469,breast,dr.hamsa,good doctor thank you,SPARSH,Service was very nice.,positive,positive
470,breast,dr.sandeep,Very very Good doctors i have visitted 1st time here i had excellent experience here sri haree sir was an extraordinary dr he was very good dr iam very thank full to all the staff and drs iam happy,SPARSH,The facilty is hygienic & well maintained.,positive,neutral
471,breast,dr.hamsa,"Good doctor, consulting is very professional. ",SPARSH,Nice place and Staffs,positive,positive
472,breast,dr.sandeep,Good staffs best treatment,SPARSH,Completely satissatisfied with the service,positive,positive
473,breast,dr.sandeep,I highly recommend this place for treatment,SPARSH,Good service..pleasant..,positive,positive
474,breast,dr.sandeep,"The Doctor is Good,",SPARSH,"Good care, waiting time and appointments can be managed better",positive,positive
475,breast,dr.sandeep,Very much satisfied with the doctor treatment and services,SPARSH,Consultancy fee and test fee is very offordble,positive,positive
476,breast,dr.sandeep,Quick reduction of symptoms,SPARSH,Staff are very friendly and supportive,positive,positive
477,breast,dr.sandeep,"Humble, patient and well qualified.",SPARSH,I am very happy good Hospital staff very friendly,negative,positive
478,breast,dr.sandeep,Courteseous staff,SPARSH,Cleanliness is well maintained,neutral,neutral
479,diabetes,dr.chandru,Good treatment good result we are satisfied and recommend to other friends,SPARSH,The staff very attentive and caring to provide the best service. ,positive,positive
480,diabetes,dr.chandru,Not satisfied with doctor.,SPARSH,Not satisfied with hospital.,negative,negative
481,diabetes,dr.chandru,"Doctors are knowledgeable, empathetic.",SPARSH,recommended,neutral,neutral
482,diabetes,dr.chandru,very bad treatment,SPARSH,not a good hospital,negative,negative
483,heart,dr.swapna,very bad service,SPARSH,not good,negative,negative
484,heart,dr.swapna,Not a professional experience,SPARSH,Very commercial health care centre.,negative,neutral
485,heart,dr.swapna,worst doctors ,SPARSH,Rude behavior while enquiry through call,negative,negative
486,breast,dr.hamsa,They are not good in care about heart ,SPARSH,Good hospital but late for reports,negative,positive
487,breast,dr.sandeep,"Nice hopiyality , doctor was very good.",SPARSH,"Excellent staff,especially nurses, house keeping facilities. Nurses, namely, Miss Liji, Miss Divya Chawan and Miss Juna were very kind",positive,positive
488,breast,dr.sandeep,Nice doctor  good treatment,SPARSH,Very calming atmosphere and the hospital itself is so clean and shiny!,positive,positive
489,breast,dr.geetha,Convinient and Helpful,SPARSH,Staff and latest Equipment for all your needs,neutral,positive
490,breast,dr.geetha,Service is good and staff is friendly,SPARSH,"Very good treatment given. Doctors, nurses, administration all were very kind.",positive,positive
491,breast,dr.geetha,I had very good experience with apollo sugar clinic first time when i visited my diabetes was in very bad condition now i am very happy ,SPARSH,Very good hospital And very helpful,positive,positive
492,breast,dr.sandeep,Problem solving without any difficulties,SPARSH,Completely satissatisfied with the service,neutral,positive
493,breast,dr.geetha,The Doctor is excellent. He checks all the details and suggest for the medicine. He don't overdo by giving lots of medicine.,SPARSH,Very good hospital And very helpful,positive,positive
494,breast,dr.sandeep,Best doctors n good facilities,SPARSH,Good facilitys,positive,positive
495,breast,dr.sandeep,"A doctor, worth consulting for a better health",SPARSH,Overall treatment was good,positive,positive
496,breast,dr.sandeep,Doctors are very friendly supporting staffs are good. Recommend all diabetic patients to consult him as he is very experienced. All the best for him and his team,SPARSH,Service was very nice.,positive,positive
497,breast,dr.geetha,well experienced Doctors,SPARSH,Good facilitys,positive,positive
498,breast,dr.hamsa,He is a brilliant doctor,SPARSH,Good service..pleasant..,positive,positive
499,diabetes,dr.jaganmohan,Nice doctor  good treatment,NNRI,The hospital is very well constructed with all the needs for patient. ,positive,positive
500,diabetes,dr.jaganmohan,Good facilities and thanks mr.venkatesh facility Head daily round's morning and evening he meet ad supporting .,NNRI,The hospital staff is very friendly. ,positive,positive
501,diabetes,dr.jaganmohan,very bad experence,NNRI,bad response for appointment too! ,negative,negative
